{"cameraMode":{"drawMode":0,"name":"Shaded","section":"Shading Mode"},"sceneLighting":false,"audioPlay":false,"sceneViewState":{"showFog":true,"showMaterialUpdate":false,"showSkybox":false,"showFlares":true,"showImageEffects":true,"showParticleSystems":true},"in2DMode":false,"pivot":{"x":-9.741361618041993,"y":4.9958014488220219,"z":5.263103485107422},"rotation":{"x":-0.20520593225955964,"y":-0.6110576391220093,"z":0.16812965273857118,"w":-0.7458158135414124},"size":2.286306858062744,"orthographic":false}