{"cameraMode":{"drawMode":0,"name":"Shaded","section":"Shading Mode"},"sceneLighting":false,"audioPlay":false,"sceneViewState":{"showFog":true,"showMaterialUpdate":false,"showSkybox":false,"showFlares":true,"showImageEffects":true,"showParticleSystems":true},"in2DMode":false,"pivot":{"x":-45.84904861450195,"y":1.7759705781936646,"z":0.7642577290534973},"rotation":{"x":0.04760120436549187,"y":0.1255221664905548,"z":-0.0060296328738331799,"w":0.9909308552742004},"size":14.166923522949219,"orthographic":true}