{"cameraMode":{"drawMode":0,"name":"Shaded","section":"Shading Mode"},"sceneLighting":false,"audioPlay":false,"sceneViewState":{"showFog":true,"showMaterialUpdate":false,"showSkybox":false,"showFlares":true,"showImageEffects":true,"showParticleSystems":true},"in2DMode":false,"pivot":{"x":175.9004669189453,"y":-105.11945343017578,"z":533.711181640625},"rotation":{"x":-0.09469868987798691,"y":-0.15407194197177888,"z":0.01483607292175293,"w":-0.98340904712677},"size":591.361328125,"orthographic":false}