{"cameraMode":{"drawMode":0,"name":"Shaded","section":"Shading Mode"},"sceneLighting":false,"audioPlay":false,"sceneViewState":{"showFog":true,"showMaterialUpdate":false,"showSkybox":false,"showFlares":true,"showImageEffects":true,"showParticleSystems":true},"in2DMode":false,"pivot":{"x":-0.7999999523162842,"y":1.0399999618530274,"z":8.479999542236329},"rotation":{"x":0.13480313122272492,"y":-0.03715038672089577,"z":0.005147388204932213,"w":0.9902089834213257},"size":2.8578836917877199,"orthographic":false}