{"cameraMode":{"drawMode":0,"name":"Shaded","section":"Shading Mode"},"sceneLighting":false,"audioPlay":false,"sceneViewState":{"showFog":true,"showMaterialUpdate":false,"showSkybox":false,"showFlares":true,"showImageEffects":true,"showParticleSystems":true},"in2DMode":false,"pivot":{"x":-3.170776605606079,"y":2.829275369644165,"z":-4.557491302490234},"rotation":{"x":0.008904737420380116,"y":0.947321891784668,"z":0.02643505670130253,"w":-0.3190805912017822},"size":1.143153429031372,"orthographic":false}