{"cameraMode":{"drawMode":0,"name":"Shaded","section":"Shading Mode"},"sceneLighting":false,"audioPlay":false,"sceneViewState":{"showFog":true,"showMaterialUpdate":false,"showSkybox":false,"showFlares":true,"showImageEffects":true,"showParticleSystems":true},"in2DMode":false,"pivot":{"x":-68.55379486083985,"y":29.410062789916993,"z":76.1473388671875},"rotation":{"x":0.15294349193572999,"y":0.48774996399879458,"z":-0.08724487572908402,"w":0.855046808719635},"size":3.40362811088562,"orthographic":true}