{"cameraMode":{"drawMode":0,"name":"Shaded","section":"Shading Mode"},"sceneLighting":true,"audioPlay":false,"sceneViewState":{"showFog":true,"showMaterialUpdate":false,"showSkybox":true,"showFlares":true,"showImageEffects":true,"showParticleSystems":false},"in2DMode":false,"pivot":{"x":-30.12791633605957,"y":29.357521057128908,"z":-52.470123291015628},"rotation":{"x":0.07567831873893738,"y":-0.5877636075019836,"z":0.055353641510009769,"w":0.8035964369773865},"size":104.91426086425781,"orthographic":true}