{"cameraMode":{"drawMode":0,"name":"Shaded","section":"Shading Mode"},"sceneLighting":true,"audioPlay":false,"sceneViewState":{"showFog":true,"showMaterialUpdate":false,"showSkybox":true,"showFlares":true,"showImageEffects":true,"showParticleSystems":true},"in2DMode":false,"pivot":{"x":-0.8543906807899475,"y":9.169479370117188,"z":37.19501876831055},"rotation":{"x":0.17976680397987367,"y":0.2854669392108917,"z":-0.054605014622211459,"w":0.9397950172424316},"size":21.59528350830078,"orthographic":true}