{"cameraMode":{"drawMode":0,"name":"Shaded","section":"Shading Mode"},"sceneLighting":true,"audioPlay":false,"sceneViewState":{"showFog":true,"showMaterialUpdate":false,"showSkybox":true,"showFlares":true,"showImageEffects":true,"showParticleSystems":true},"in2DMode":false,"pivot":{"x":-0.5387752056121826,"y":-14.818679809570313,"z":144.4516143798828},"rotation":{"x":0.13901600241661073,"y":-0.021684065461158754,"z":0.0030457121320068838,"w":0.9900531768798828},"size":7.621110439300537,"orthographic":false}