{"cameraMode":{"drawMode":0,"name":"Shaded","section":"Shading Mode"},"sceneLighting":false,"audioPlay":false,"sceneViewState":{"showFog":true,"showMaterialUpdate":false,"showSkybox":false,"showFlares":true,"showImageEffects":true,"showParticleSystems":false},"in2DMode":false,"pivot":{"x":1.3645250797271729,"y":0.8077164888381958,"z":1.2047587633132935},"rotation":{"x":0.09633619338274002,"y":0.35237157344818118,"z":-0.03648971766233444,"w":0.9301789402961731},"size":2.9521701335906984,"orthographic":false}