{"cameraMode":{"drawMode":0,"name":"Shaded","section":"Shading Mode"},"sceneLighting":true,"audioPlay":false,"sceneViewState":{"showFog":true,"showMaterialUpdate":false,"showSkybox":true,"showFlares":true,"showImageEffects":true,"showParticleSystems":true},"in2DMode":false,"pivot":{"x":0.0,"y":0.6660721302032471,"z":98.45858764648438},"rotation":{"x":0.11671243607997894,"y":-0.01876789703965187,"z":0.0022059387993067505,"w":0.9929861426353455},"size":11.944167137145996,"orthographic":true}