{"cameraMode":{"drawMode":0,"name":"Shaded","section":"Shading Mode"},"sceneLighting":true,"audioPlay":false,"sceneViewState":{"showFog":true,"showMaterialUpdate":false,"showSkybox":true,"showFlares":true,"showImageEffects":true,"showParticleSystems":false},"in2DMode":false,"pivot":{"x":5.428345680236816,"y":24.099750518798829,"z":323.19036865234377},"rotation":{"x":-0.31395605206489565,"y":0.31094464659690859,"z":-0.10963758081197739,"w":-0.8903650045394898},"size":63.68502426147461,"orthographic":false}