{"cameraMode":{"drawMode":0,"name":"Shaded","section":"Shading Mode"},"sceneLighting":false,"audioPlay":false,"sceneViewState":{"showFog":true,"showMaterialUpdate":false,"showSkybox":false,"showFlares":true,"showImageEffects":true,"showParticleSystems":false},"in2DMode":false,"pivot":{"x":34.11378479003906,"y":-48.311458587646487,"z":-61.89733123779297},"rotation":{"x":-0.024821599945425988,"y":0.9712543487548828,"z":-0.11711238324642182,"w":-0.20580260455608369},"size":7.702579021453857,"orthographic":false}