{"cameraMode":{"drawMode":0,"name":"Shaded","section":"Shading Mode"},"sceneLighting":true,"audioPlay":false,"sceneViewState":{"showFog":true,"showMaterialUpdate":false,"showSkybox":true,"showFlares":true,"showImageEffects":true,"showParticleSystems":true},"in2DMode":false,"pivot":{"x":4.313844203948975,"y":1.0454429388046265,"z":-5.195434093475342},"rotation":{"x":-0.2604959309101105,"y":-0.6778145432472229,"z":0.28147706389427187,"w":-0.627288818359375},"size":18.090137481689454,"orthographic":false}