{"cameraMode":{"drawMode":0,"name":"Shaded","section":"Shading Mode"},"sceneLighting":false,"audioPlay":false,"sceneViewState":{"showFog":true,"showMaterialUpdate":false,"showSkybox":false,"showFlares":true,"showImageEffects":true,"showParticleSystems":true},"in2DMode":false,"pivot":{"x":-1.1185284852981568,"y":0.014116324484348297,"z":-1.45526123046875},"rotation":{"x":-0.02172696962952614,"y":0.7671705484390259,"z":-0.026012135669589044,"w":-0.6405613422393799},"size":6.921896457672119,"orthographic":false}