{"cameraMode":{"drawMode":0,"name":"Shaded","section":"Shading Mode"},"sceneLighting":false,"audioPlay":false,"sceneViewState":{"showFog":true,"showMaterialUpdate":false,"showSkybox":false,"showFlares":true,"showImageEffects":true,"showParticleSystems":true},"in2DMode":false,"pivot":{"x":52.14808654785156,"y":-2.268764019012451,"z":-20.26786231994629},"rotation":{"x":0.18836800754070283,"y":0.798636257648468,"z":-0.3157491385936737,"w":0.47644704580307009},"size":143.64915466308595,"orthographic":false}