{"cameraMode":{"drawMode":0,"name":"Shaded","section":"Shading Mode"},"sceneLighting":false,"audioPlay":false,"sceneViewState":{"showFog":true,"showMaterialUpdate":false,"showSkybox":false,"showFlares":true,"showImageEffects":true,"showParticleSystems":true},"in2DMode":false,"pivot":{"x":-1.9177868366241456,"y":1.923050880432129,"z":4.014183044433594},"rotation":{"x":0.35948145389556887,"y":-0.022372696548700334,"z":0.008717957884073258,"w":0.9328927397727966},"size":11.491820335388184,"orthographic":false}