{"cameraMode":{"drawMode":0,"name":"Shaded","section":"Shading Mode"},"sceneLighting":false,"audioPlay":false,"sceneViewState":{"showFog":true,"showMaterialUpdate":false,"showSkybox":false,"showFlares":true,"showImageEffects":true,"showParticleSystems":true},"in2DMode":false,"pivot":{"x":0.4128464460372925,"y":0.2291877269744873,"z":1.1619888544082642},"rotation":{"x":-0.17076878249645234,"y":0.31871408224105837,"z":-0.058488428592681888,"w":-0.9305121898651123},"size":2.653438091278076,"orthographic":false}