{"cameraMode":{"drawMode":0,"name":"Shaded","section":"Shading Mode"},"sceneLighting":false,"audioPlay":false,"sceneViewState":{"showFog":true,"showMaterialUpdate":false,"showSkybox":false,"showFlares":true,"showImageEffects":true,"showParticleSystems":true},"in2DMode":false,"pivot":{"x":-9.311580657958985,"y":-5.363903045654297,"z":-8.599491119384766},"rotation":{"x":0.1037270575761795,"y":-0.8419339060783386,"z":0.17470671236515046,"w":0.49988117814064028},"size":22.528717041015626,"orthographic":false}