{"cameraMode":{"drawMode":0,"name":"Shaded","section":"Shading Mode"},"sceneLighting":false,"audioPlay":false,"sceneViewState":{"showFog":true,"showMaterialUpdate":false,"showSkybox":false,"showFlares":true,"showImageEffects":true,"showParticleSystems":true},"in2DMode":false,"pivot":{"x":18.695466995239259,"y":-14.814218521118164,"z":16.43705940246582},"rotation":{"x":0.15684391558170319,"y":0.555547297000885,"z":-0.10764870047569275,"w":0.8094338178634644},"size":122.39997863769531,"orthographic":false}