{"cameraMode":{"drawMode":0,"name":"Shaded","section":"Shading Mode"},"sceneLighting":false,"audioPlay":false,"sceneViewState":{"showFog":true,"showMaterialUpdate":false,"showSkybox":false,"showFlares":true,"showImageEffects":true,"showParticleSystems":true},"in2DMode":false,"pivot":{"x":-68.05150604248047,"y":30.010046005249025,"z":75.78099060058594},"rotation":{"x":0.13182024657726289,"y":0.343214750289917,"z":-0.04871666431427002,"w":0.9286900162696838},"size":3.40362811088562,"orthographic":true}