{"cameraMode":{"drawMode":0,"name":"Shaded","section":"Shading Mode"},"sceneLighting":false,"audioPlay":false,"sceneViewState":{"showFog":true,"showMaterialUpdate":false,"showSkybox":false,"showFlares":true,"showImageEffects":true,"showParticleSystems":true},"in2DMode":false,"pivot":{"x":407.633056640625,"y":340.70123291015627,"z":79.07488250732422},"rotation":{"x":0.1929745078086853,"y":0.6162907481193543,"z":-0.15926828980445863,"w":0.7467148900032044},"size":562.4185180664063,"orthographic":false}