{"cameraMode":{"drawMode":0,"name":"Shaded","section":"Shading Mode"},"sceneLighting":false,"audioPlay":false,"sceneViewState":{"showFog":true,"showMaterialUpdate":false,"showSkybox":false,"showFlares":true,"showImageEffects":true,"showParticleSystems":false},"in2DMode":false,"pivot":{"x":-1.2558343410491944,"y":0.5163059234619141,"z":0.7825521230697632},"rotation":{"x":-0.1342131346464157,"y":-0.8321504592895508,"z":0.4866749048233032,"w":-0.22948765754699708},"size":1.248650312423706,"orthographic":false}