{"cameraMode":{"drawMode":0,"name":"Shaded","section":"Shading Mode"},"sceneLighting":false,"audioPlay":false,"sceneViewState":{"showFog":true,"showMaterialUpdate":false,"showSkybox":false,"showFlares":true,"showImageEffects":true,"showParticleSystems":false},"in2DMode":false,"pivot":{"x":-0.06789660453796387,"y":2.2696943283081056,"z":0.13133621215820313},"rotation":{"x":-0.024821599945425988,"y":0.9712543487548828,"z":-0.11711238324642182,"w":-0.20580260455608369},"size":14.71634578704834,"orthographic":false}