{"cameraMode":{"drawMode":0,"name":"Shaded","section":"Shading Mode"},"sceneLighting":true,"audioPlay":false,"sceneViewState":{"showFog":true,"showMaterialUpdate":false,"showSkybox":true,"showFlares":true,"showImageEffects":true,"showParticleSystems":true},"in2DMode":false,"pivot":{"x":32.74087905883789,"y":-45.698585510253909,"z":112.76729583740235},"rotation":{"x":-0.28508076071739199,"y":-0.21614354848861695,"z":0.06615357100963593,"w":-0.9314762353897095},"size":252.73019409179688,"orthographic":false}