{"cameraMode":{"drawMode":0,"name":"Shaded","section":"Shading Mode"},"sceneLighting":false,"audioPlay":false,"sceneViewState":{"showFog":true,"showMaterialUpdate":false,"showSkybox":false,"showFlares":true,"showImageEffects":true,"showParticleSystems":true},"in2DMode":false,"pivot":{"x":-27.471689224243165,"y":-132.03582763671876,"z":-21.259180068969728},"rotation":{"x":-0.3246084451675415,"y":0.648349404335022,"z":-0.35757362842559817,"w":-0.5885889530181885},"size":183.27975463867188,"orthographic":false}