{"cameraMode":{"drawMode":0,"name":"Shaded","section":"Shading Mode"},"sceneLighting":true,"audioPlay":false,"sceneViewState":{"showFog":true,"showMaterialUpdate":false,"showSkybox":true,"showFlares":true,"showImageEffects":true,"showParticleSystems":true},"in2DMode":false,"pivot":{"x":457.3017578125,"y":147.7843780517578,"z":167.8853302001953},"rotation":{"x":0.11366961151361466,"y":0.08335568755865097,"z":-0.009478735737502575,"w":0.9900177717208862},"size":911.0433959960938,"orthographic":false}