{"cameraMode":{"drawMode":0,"name":"Shaded","section":"Shading Mode"},"sceneLighting":false,"audioPlay":false,"sceneViewState":{"showFog":true,"showMaterialUpdate":false,"showSkybox":false,"showFlares":true,"showImageEffects":true,"showParticleSystems":false},"in2DMode":false,"pivot":{"x":2.2109999656677248,"y":2.640026569366455,"z":1.5299999713897706},"rotation":{"x":0.02071254327893257,"y":-0.9673513770103455,"z":0.23826666176319123,"w":0.08409310132265091},"size":1.0396238565444947,"orthographic":false}