{"cameraMode":{"drawMode":0,"name":"Shaded","section":"Shading Mode"},"sceneLighting":true,"audioPlay":false,"sceneViewState":{"showFog":true,"showMaterialUpdate":false,"showSkybox":true,"showFlares":true,"showImageEffects":true,"showParticleSystems":true},"in2DMode":false,"pivot":{"x":28.3875789642334,"y":-6.209435939788818,"z":58.66046905517578},"rotation":{"x":0.28753188252449038,"y":0.6384022831916809,"z":-0.27936944365501406,"w":0.6570562124252319},"size":95.72616577148438,"orthographic":true}