{"cameraMode":{"drawMode":0,"name":"Shaded","section":"Shading Mode"},"sceneLighting":false,"audioPlay":false,"sceneViewState":{"showFog":true,"showMaterialUpdate":false,"showSkybox":false,"showFlares":true,"showImageEffects":true,"showParticleSystems":false},"in2DMode":false,"pivot":{"x":-0.7936301231384277,"y":6.005234241485596,"z":-4.3767170906066898},"rotation":{"x":0.02071254327893257,"y":-0.9673513770103455,"z":0.23826666176319123,"w":0.08409310132265091},"size":18.1361083984375,"orthographic":false}