{"cameraMode":{"drawMode":0,"name":"Shaded","section":"Shading Mode"},"sceneLighting":false,"audioPlay":false,"sceneViewState":{"showFog":true,"showMaterialUpdate":false,"showSkybox":false,"showFlares":true,"showImageEffects":true,"showParticleSystems":false},"in2DMode":false,"pivot":{"x":0.07237476110458374,"y":0.12860603630542756,"z":0.01960464008152485},"rotation":{"x":0.0021334856282919647,"y":-0.9966287612915039,"z":-0.027516204863786699,"w":-0.07728175818920136},"size":2.3250370025634767,"orthographic":false}