{"cameraMode":{"drawMode":0,"name":"Shaded","section":"Shading Mode"},"sceneLighting":true,"audioPlay":false,"sceneViewState":{"showFog":true,"showMaterialUpdate":false,"showSkybox":true,"showFlares":true,"showImageEffects":true,"showParticleSystems":true},"in2DMode":false,"pivot":{"x":2.362067222595215,"y":5.678800582885742,"z":-9.725024223327637},"rotation":{"x":0.01929537206888199,"y":-0.7805235385894775,"z":-0.024126160889863969,"w":-0.6243714690208435},"size":17.962068557739259,"orthographic":false}