{"cameraMode":{"drawMode":0,"name":"Shaded","section":"Shading Mode"},"sceneLighting":false,"audioPlay":false,"sceneViewState":{"showFog":true,"showMaterialUpdate":false,"showSkybox":false,"showFlares":true,"showImageEffects":true,"showParticleSystems":true},"in2DMode":false,"pivot":{"x":-6.26491117477417,"y":-2.195652484893799,"z":-39.340087890625},"rotation":{"x":0.39772921800613406,"y":0.20896895229816438,"z":-0.09354741126298905,"w":0.8884820342063904},"size":37.21232986450195,"orthographic":false}