{"cameraMode":{"drawMode":0,"name":"Shaded","section":"Shading Mode"},"sceneLighting":true,"audioPlay":false,"sceneViewState":{"showFog":true,"showMaterialUpdate":false,"showSkybox":true,"showFlares":true,"showImageEffects":true,"showParticleSystems":true},"in2DMode":false,"pivot":{"x":-162.12884521484376,"y":-5.2723541259765629,"z":-16.0950927734375},"rotation":{"x":0.016446838155388833,"y":0.9617099165916443,"z":-0.05921982228755951,"w":0.267091304063797},"size":1438.120849609375,"orthographic":false}