{"cameraMode":{"drawMode":0,"name":"Shaded","section":"Shading Mode"},"sceneLighting":true,"audioPlay":false,"sceneViewState":{"showFog":true,"showMaterialUpdate":false,"showSkybox":true,"showFlares":true,"showImageEffects":true,"showParticleSystems":true},"in2DMode":false,"pivot":{"x":8.02344036102295,"y":-2.8106508255004885,"z":42.7666015625},"rotation":{"x":0.1394360065460205,"y":0.6388290524482727,"z":-0.1192198321223259,"w":0.7471557259559631},"size":11.379024505615235,"orthographic":false}