{"cameraMode":{"drawMode":0,"name":"Shaded","section":"Shading Mode"},"sceneLighting":true,"audioPlay":false,"sceneViewState":{"showFog":true,"showMaterialUpdate":false,"showSkybox":true,"showFlares":true,"showImageEffects":true,"showParticleSystems":false},"in2DMode":false,"pivot":{"x":-0.9161802530288696,"y":0.45629554986953738,"z":0.03719001263380051},"rotation":{"x":0.14307737350463868,"y":-0.1472630500793457,"z":0.021537208929657937,"w":0.9784625172615051},"size":7.490085124969482,"orthographic":false}