{"cameraMode":{"drawMode":0,"name":"Shaded","section":"Shading Mode"},"sceneLighting":true,"audioPlay":false,"sceneViewState":{"showFog":true,"showMaterialUpdate":false,"showSkybox":true,"showFlares":true,"showImageEffects":true,"showParticleSystems":false},"in2DMode":false,"pivot":{"x":-52.011810302734378,"y":-67.01005554199219,"z":275.54705810546877},"rotation":{"x":-0.25161391496658327,"y":0.3055780529975891,"z":-0.08407457917928696,"w":-0.9144752025604248},"size":117.69976806640625,"orthographic":false}