{"cameraMode":{"drawMode":0,"name":"Shaded","section":"Shading Mode"},"sceneLighting":true,"audioPlay":false,"sceneViewState":{"showFog":true,"showMaterialUpdate":false,"showSkybox":true,"showFlares":true,"showImageEffects":true,"showParticleSystems":true},"in2DMode":false,"pivot":{"x":-0.8543906807899475,"y":9.169479370117188,"z":37.19501876831055},"rotation":{"x":0.08066953718662262,"y":0.07706734538078308,"z":-0.006255903746932745,"w":0.9937393069267273},"size":21.59528350830078,"orthographic":true}