{"cameraMode":{"drawMode":0,"name":"Shaded","section":"Shading Mode"},"sceneLighting":true,"audioPlay":false,"sceneViewState":{"showFog":true,"showMaterialUpdate":false,"showSkybox":true,"showFlares":true,"showImageEffects":true,"showParticleSystems":true},"in2DMode":false,"pivot":{"x":12.491898536682129,"y":-33.921539306640628,"z":-5.77475118637085},"rotation":{"x":0.33911052346229555,"y":0.23490236699581147,"z":-0.08785468339920044,"w":0.9067012667655945},"size":141.06797790527345,"orthographic":false}