{"cameraMode":{"drawMode":0,"name":"Shaded","section":"Shading Mode"},"sceneLighting":true,"audioPlay":false,"sceneViewState":{"showFog":true,"showMaterialUpdate":false,"showSkybox":true,"showFlares":true,"showImageEffects":true,"showParticleSystems":false},"in2DMode":false,"pivot":{"x":0.06392663717269898,"y":1.1712868213653565,"z":113.3912353515625},"rotation":{"x":-0.0032380856573581697,"y":-0.990100085735321,"z":0.1384139508008957,"w":-0.02316095679998398},"size":7.379779815673828,"orthographic":false}