{"cameraMode":{"drawMode":0,"name":"Shaded","section":"Shading Mode"},"sceneLighting":false,"audioPlay":false,"sceneViewState":{"showFog":true,"showMaterialUpdate":false,"showSkybox":false,"showFlares":true,"showImageEffects":true,"showParticleSystems":false},"in2DMode":false,"pivot":{"x":3.4161272048950197,"y":1.8489466905593873,"z":-5.824651718139648},"rotation":{"x":0.010473046451807022,"y":0.9747416973114014,"z":-0.046825673431158069,"w":0.218170166015625},"size":16.373531341552736,"orthographic":false}