{"cameraMode":{"drawMode":0,"name":"Shaded","section":"Shading Mode"},"sceneLighting":false,"audioPlay":false,"sceneViewState":{"showFog":true,"showMaterialUpdate":false,"showSkybox":false,"showFlares":true,"showImageEffects":true,"showParticleSystems":true},"in2DMode":false,"pivot":{"x":9.302732467651368,"y":23.587860107421876,"z":-8.105093955993653},"rotation":{"x":0.5467797517776489,"y":0.15607310831546784,"z":-0.10458952188491821,"w":0.8159269094467163},"size":117.53836059570313,"orthographic":true}