{"cameraMode":{"drawMode":0,"name":"Shaded","section":"Shading Mode"},"sceneLighting":false,"audioPlay":false,"sceneViewState":{"showFog":true,"showMaterialUpdate":false,"showSkybox":false,"showFlares":true,"showImageEffects":true,"showParticleSystems":true},"in2DMode":false,"pivot":{"x":-2.248046875,"y":1.1930873394012452,"z":4.698390960693359},"rotation":{"x":0.2144756317138672,"y":-0.10757845640182495,"z":0.023774350062012674,"w":0.9704955220222473},"size":7.048773765563965,"orthographic":true}