{"cameraMode":{"drawMode":0,"name":"Shaded","section":"Shading Mode"},"sceneLighting":false,"audioPlay":false,"sceneViewState":{"showFog":true,"showMaterialUpdate":false,"showSkybox":false,"showFlares":true,"showImageEffects":true,"showParticleSystems":true},"in2DMode":false,"pivot":{"x":-7.108916759490967,"y":713.4378662109375,"z":-16.090484619140626},"rotation":{"x":0.3120737075805664,"y":-0.011400348506867886,"z":0.003745119087398052,"w":0.9499833583831787},"size":193.00643920898438,"orthographic":true}