{"cameraMode":{"drawMode":0,"name":"Shaded","section":"Shading Mode"},"sceneLighting":false,"audioPlay":false,"sceneViewState":{"showFog":true,"showMaterialUpdate":false,"showSkybox":false,"showFlares":true,"showImageEffects":true,"showParticleSystems":false},"in2DMode":false,"pivot":{"x":0.4085610508918762,"y":0.29731088876724245,"z":-2.1958160400390627},"rotation":{"x":0.004677331540733576,"y":-0.9865871071815491,"z":0.16063012182712556,"w":0.028729334473609926},"size":5.266314506530762,"orthographic":false}