{"cameraMode":{"drawMode":0,"name":"Shaded","section":"Shading Mode"},"sceneLighting":true,"audioPlay":false,"sceneViewState":{"showFog":true,"showMaterialUpdate":false,"showSkybox":false,"showFlares":true,"showImageEffects":true,"showParticleSystems":false},"in2DMode":false,"pivot":{"x":-0.18492497503757478,"y":0.06998247653245926,"z":0.1586141139268875},"rotation":{"x":-0.0037038580048829319,"y":0.9907563924789429,"z":-0.027647601440548898,"w":-0.13275860249996186},"size":1.3053197860717774,"orthographic":false}