{"cameraMode":{"drawMode":0,"name":"Shaded","section":"Shading Mode"},"sceneLighting":false,"audioPlay":false,"sceneViewState":{"showFog":true,"showMaterialUpdate":false,"showSkybox":false,"showFlares":true,"showImageEffects":true,"showParticleSystems":true},"in2DMode":false,"pivot":{"x":-76.06332397460938,"y":443.40142822265627,"z":61.15544891357422},"rotation":{"x":-0.10911882668733597,"y":-0.8447057008743286,"z":0.1885402649641037,"w":-0.4889214336872101},"size":21.049774169921876,"orthographic":true}