{"cameraMode":{"drawMode":0,"name":"Shaded","section":"Shading Mode"},"sceneLighting":true,"audioPlay":false,"sceneViewState":{"showFog":true,"showMaterialUpdate":false,"showSkybox":true,"showFlares":true,"showImageEffects":true,"showParticleSystems":false},"in2DMode":false,"pivot":{"x":0.909034013748169,"y":1.8789515495300294,"z":194.55079650878907},"rotation":{"x":0.13623370230197907,"y":0.2797384560108185,"z":-0.04012744501233101,"w":0.949531614780426},"size":4.6416850090026859,"orthographic":true}