{"cameraMode":{"drawMode":0,"name":"Shaded","section":"Shading Mode"},"sceneLighting":false,"audioPlay":false,"sceneViewState":{"showFog":true,"showMaterialUpdate":false,"showSkybox":false,"showFlares":true,"showImageEffects":true,"showParticleSystems":true},"in2DMode":false,"pivot":{"x":432.1999816894531,"y":254.93251037597657,"z":-11.635000228881836},"rotation":{"x":0.16949363052845,"y":0.32989972829818728,"z":-0.06033765897154808,"w":0.9267138242721558},"size":1795.344482421875,"orthographic":true}