{"cameraMode":{"drawMode":0,"name":"Shaded","section":"Shading Mode"},"sceneLighting":false,"audioPlay":false,"sceneViewState":{"showFog":true,"showMaterialUpdate":false,"showSkybox":false,"showFlares":true,"showImageEffects":true,"showParticleSystems":false},"in2DMode":false,"pivot":{"x":-0.5823154449462891,"y":0.33277663588523867,"z":-2.9817116260528566},"rotation":{"x":-0.03823414072394371,"y":0.9614241123199463,"z":-0.17912334203720094,"w":-0.20524312555789948},"size":3.143300771713257,"orthographic":false}