{"cameraMode":{"drawMode":0,"name":"Shaded","section":"Shading Mode"},"sceneLighting":false,"audioPlay":false,"sceneViewState":{"showFog":true,"showMaterialUpdate":false,"showSkybox":false,"showFlares":true,"showImageEffects":true,"showParticleSystems":true},"in2DMode":false,"pivot":{"x":-48.92164611816406,"y":5.447324752807617,"z":-24.8255615234375},"rotation":{"x":0.05935029685497284,"y":-0.02096128650009632,"z":0.0012461240403354169,"w":0.9980196952819824},"size":6.827694416046143,"orthographic":true}