{"cameraMode":{"drawMode":0,"name":"Shaded","section":"Shading Mode"},"sceneLighting":false,"audioPlay":false,"sceneViewState":{"showFog":true,"showMaterialUpdate":false,"showSkybox":false,"showFlares":true,"showImageEffects":true,"showParticleSystems":false},"in2DMode":false,"pivot":{"x":1.8511605262756348,"y":3.131430149078369,"z":-1.0136253833770753},"rotation":{"x":-0.2333303540945053,"y":0.42266979813575747,"z":-0.11356491595506668,"w":-0.8683522343635559},"size":8.568781852722168,"orthographic":false}