{"cameraMode":{"drawMode":0,"name":"Shaded","section":"Shading Mode"},"sceneLighting":false,"audioPlay":false,"sceneViewState":{"showFog":true,"showMaterialUpdate":false,"showSkybox":false,"showFlares":true,"showImageEffects":true,"showParticleSystems":true},"in2DMode":false,"pivot":{"x":-0.05427500978112221,"y":-2.0332746505737306,"z":1.270796775817871},"rotation":{"x":0.12023359537124634,"y":0.8582354784011841,"z":-0.23419930040836335,"w":0.4406030476093292},"size":10.73193073272705,"orthographic":false}