{"cameraMode":{"drawMode":0,"name":"Shaded","section":"Shading Mode"},"sceneLighting":true,"audioPlay":false,"sceneViewState":{"showFog":true,"showMaterialUpdate":false,"showSkybox":true,"showFlares":true,"showImageEffects":true,"showParticleSystems":true},"in2DMode":false,"pivot":{"x":30.727733612060548,"y":-9.040136337280274,"z":205.86398315429688},"rotation":{"x":0.06537274271249771,"y":-0.8999069929122925,"z":0.40608930587768557,"w":0.14486664533615113},"size":38.13319778442383,"orthographic":true}