{"cameraMode":{"drawMode":0,"name":"Shaded","section":"Shading Mode"},"sceneLighting":false,"audioPlay":false,"sceneViewState":{"showFog":true,"showMaterialUpdate":false,"showSkybox":false,"showFlares":true,"showImageEffects":true,"showParticleSystems":true},"in2DMode":false,"pivot":{"x":6.712783336639404,"y":3.748124361038208,"z":-50.41160583496094},"rotation":{"x":0.05918334424495697,"y":-0.9342722296714783,"z":0.29916802048683169,"w":0.18481269478797913},"size":3.149656057357788,"orthographic":false}