{"cameraMode":{"drawMode":0,"name":"Shaded","section":"Shading Mode"},"sceneLighting":false,"audioPlay":false,"sceneViewState":{"showFog":true,"showMaterialUpdate":false,"showSkybox":false,"showFlares":true,"showImageEffects":true,"showParticleSystems":false},"in2DMode":false,"pivot":{"x":0.4024762213230133,"y":0.5017887949943543,"z":-0.4894176721572876},"rotation":{"x":0.014688690192997456,"y":-0.974349319934845,"z":0.06674744188785553,"w":0.2144193947315216},"size":2.8863072395324709,"orthographic":false}