{"cameraMode":{"drawMode":0,"name":"Shaded","section":"Shading Mode"},"sceneLighting":true,"audioPlay":false,"sceneViewState":{"showFog":true,"showMaterialUpdate":false,"showSkybox":true,"showFlares":true,"showImageEffects":true,"showParticleSystems":true},"in2DMode":false,"pivot":{"x":-34.585174560546878,"y":-16.474580764770509,"z":145.00357055664063},"rotation":{"x":-0.1747550368309021,"y":0.5112625956535339,"z":-0.10705458372831345,"w":-0.8346509337425232},"size":47.33218002319336,"orthographic":false}