{"cameraMode":{"drawMode":0,"name":"Shaded","section":"Shading Mode"},"sceneLighting":true,"audioPlay":false,"sceneViewState":{"showFog":true,"showMaterialUpdate":false,"showSkybox":true,"showFlares":true,"showImageEffects":true,"showParticleSystems":true},"in2DMode":false,"pivot":{"x":-86.20697784423828,"y":46.31581115722656,"z":225.41448974609376},"rotation":{"x":0.1405525505542755,"y":0.43836429715156557,"z":-0.0696193277835846,"w":0.885007917881012},"size":43.8835563659668,"orthographic":true}