{"cameraMode":{"drawMode":0,"name":"Shaded","section":"Shading Mode"},"sceneLighting":false,"audioPlay":false,"sceneViewState":{"showFog":true,"showMaterialUpdate":false,"showSkybox":false,"showFlares":true,"showImageEffects":true,"showParticleSystems":true},"in2DMode":false,"pivot":{"x":4.263084411621094,"y":-22.82879638671875,"z":1.29022216796875},"rotation":{"x":0.3834075331687927,"y":-0.3300344944000244,"z":0.1489352136850357,"w":0.8496492505073547},"size":91.89848327636719,"orthographic":false}