{"cameraMode":{"drawMode":0,"name":"Shaded","section":"Shading Mode"},"sceneLighting":false,"audioPlay":false,"sceneViewState":{"showFog":true,"showMaterialUpdate":false,"showSkybox":false,"showFlares":true,"showImageEffects":true,"showParticleSystems":true},"in2DMode":false,"pivot":{"x":-68.05150604248047,"y":29.760046005249025,"z":75.78099060058594},"rotation":{"x":0.14602288603782655,"y":0.3816838264465332,"z":-0.06120438873767853,"w":0.9106314182281494},"size":3.40362811088562,"orthographic":true}