{"cameraMode":{"drawMode":0,"name":"Shaded","section":"Shading Mode"},"sceneLighting":true,"audioPlay":false,"sceneViewState":{"showFog":true,"showMaterialUpdate":false,"showSkybox":true,"showFlares":true,"showImageEffects":true,"showParticleSystems":false},"in2DMode":false,"pivot":{"x":0.012237548828125,"y":0.25071656703948977,"z":-4.499999523162842},"rotation":{"x":0.25297847390174868,"y":-0.44881102442741396,"z":0.13413061201572419,"w":0.8465243577957153},"size":18.03171157836914,"orthographic":true}