{"cameraMode":{"drawMode":0,"name":"Shaded","section":"Shading Mode"},"sceneLighting":false,"audioPlay":false,"sceneViewState":{"showFog":true,"showMaterialUpdate":false,"showSkybox":false,"showFlares":true,"showImageEffects":true,"showParticleSystems":false},"in2DMode":false,"pivot":{"x":-4.518136501312256,"y":7.7137837409973148,"z":-6.193274974822998},"rotation":{"x":0.04254103824496269,"y":-0.8813571929931641,"z":0.08086851984262467,"w":0.4635735750198364},"size":14.158308982849121,"orthographic":false}