{"cameraMode":{"drawMode":0,"name":"Shaded","section":"Shading Mode"},"sceneLighting":true,"audioPlay":false,"sceneViewState":{"showFog":true,"showMaterialUpdate":false,"showSkybox":false,"showFlares":true,"showImageEffects":true,"showParticleSystems":true},"in2DMode":false,"pivot":{"x":-3.7856199741363527,"y":-2.240645170211792,"z":-1.143838882446289},"rotation":{"x":-0.15387490391731263,"y":0.8177548050880432,"z":-0.25565147399902346,"w":-0.4921949803829193},"size":9.497140884399414,"orthographic":false}