{"cameraMode":{"drawMode":0,"name":"Shaded","section":"Shading Mode"},"sceneLighting":true,"audioPlay":false,"sceneViewState":{"showFog":true,"showMaterialUpdate":false,"showSkybox":true,"showFlares":true,"showImageEffects":true,"showParticleSystems":false},"in2DMode":false,"pivot":{"x":-0.13386470079421998,"y":0.5253002643585205,"z":-4.7317094802856449},"rotation":{"x":0.42431867122650149,"y":0.41023728251457217,"z":-0.22448354959487916,"w":0.7754201889038086},"size":489.851806640625,"orthographic":false}