{"cameraMode":{"drawMode":0,"name":"Shaded","section":"Shading Mode"},"sceneLighting":true,"audioPlay":false,"sceneViewState":{"showFog":true,"showMaterialUpdate":false,"showSkybox":true,"showFlares":true,"showImageEffects":true,"showParticleSystems":false},"in2DMode":false,"pivot":{"x":-0.31922245025634768,"y":-2.3543434143066408,"z":32.595726013183597},"rotation":{"x":-0.2339095175266266,"y":-0.7646824717521668,"z":0.4503011405467987,"w":-0.39721614122390749},"size":14.777374267578125,"orthographic":false}