{"cameraMode":{"drawMode":0,"name":"Shaded","section":"Shading Mode"},"sceneLighting":true,"audioPlay":false,"sceneViewState":{"showFog":true,"showMaterialUpdate":false,"showSkybox":true,"showFlares":true,"showImageEffects":true,"showParticleSystems":true},"in2DMode":false,"pivot":{"x":-205.18597412109376,"y":244.6225128173828,"z":-72.6578369140625},"rotation":{"x":-0.0013877535238862038,"y":0.9728692770004273,"z":0.005837338510900736,"w":0.23128098249435426},"size":1792.1602783203125,"orthographic":false}