{"cameraMode":{"drawMode":0,"name":"Shaded","section":"Shading Mode"},"sceneLighting":false,"audioPlay":false,"sceneViewState":{"showFog":true,"showMaterialUpdate":false,"showSkybox":false,"showFlares":true,"showImageEffects":true,"showParticleSystems":true},"in2DMode":false,"pivot":{"x":8.075119018554688,"y":-46.23333740234375,"z":30.092262268066408},"rotation":{"x":0.30153459310531618,"y":0.15357956290245057,"z":-0.04928050935268402,"w":0.939714252948761},"size":133.59765625,"orthographic":false}