{"cameraMode":{"drawMode":0,"name":"Shaded","section":"Shading Mode"},"sceneLighting":false,"audioPlay":false,"sceneViewState":{"showFog":true,"showMaterialUpdate":false,"showSkybox":false,"showFlares":true,"showImageEffects":true,"showParticleSystems":false},"in2DMode":false,"pivot":{"x":5.1888909339904789,"y":5.708560466766357,"z":-3.0610053539276125},"rotation":{"x":-0.06571556627750397,"y":-0.9194092750549316,"z":0.17443951964378358,"w":-0.3463691174983978},"size":12.414298057556153,"orthographic":false}