{"cameraMode":{"drawMode":0,"name":"Shaded","section":"Shading Mode"},"sceneLighting":false,"audioPlay":false,"sceneViewState":{"showFog":true,"showMaterialUpdate":false,"showSkybox":false,"showFlares":true,"showImageEffects":true,"showParticleSystems":false},"in2DMode":false,"pivot":{"x":0.5842681527137756,"y":1.1743066310882569,"z":-1.3047130107879639},"rotation":{"x":0.0015603963984176517,"y":-0.9984029531478882,"z":0.03535599261522293,"w":0.04406987503170967},"size":4.54865026473999,"orthographic":false}