{"cameraMode":{"drawMode":0,"name":"Shaded","section":"Shading Mode"},"sceneLighting":false,"audioPlay":false,"sceneViewState":{"showFog":true,"showMaterialUpdate":false,"showSkybox":false,"showFlares":true,"showImageEffects":true,"showParticleSystems":true},"in2DMode":false,"pivot":{"x":-0.7688318490982056,"y":4.992310047149658,"z":-10.945277214050293},"rotation":{"x":0.24760864675045014,"y":-0.15384617447853089,"z":0.0398605577647686,"w":0.9557464122772217},"size":17.88397789001465,"orthographic":true}