{"cameraMode":{"drawMode":0,"name":"Shaded","section":"Shading Mode"},"sceneLighting":false,"audioPlay":false,"sceneViewState":{"showFog":true,"showMaterialUpdate":false,"showSkybox":false,"showFlares":true,"showImageEffects":true,"showParticleSystems":false},"in2DMode":false,"pivot":{"x":-3.0544660091400148,"y":1.9877420663833619,"z":7.374001502990723},"rotation":{"x":-0.241311177611351,"y":0.07704679667949677,"z":-0.019219528883695604,"w":-0.9672077894210815},"size":15.23862361907959,"orthographic":false}