{"cameraMode":{"drawMode":0,"name":"Shaded","section":"Shading Mode"},"sceneLighting":false,"audioPlay":false,"sceneViewState":{"showFog":true,"showMaterialUpdate":false,"showSkybox":false,"showFlares":true,"showImageEffects":true,"showParticleSystems":true},"in2DMode":false,"pivot":{"x":19.62331199645996,"y":682.1572875976563,"z":60.99821472167969},"rotation":{"x":0.15426594018936158,"y":0.07993657141923905,"z":-0.012522931210696698,"w":0.9847111701965332},"size":119.3681640625,"orthographic":false}