{"cameraMode":{"drawMode":0,"name":"Shaded","section":"Shading Mode"},"sceneLighting":false,"audioPlay":false,"sceneViewState":{"showFog":true,"showMaterialUpdate":false,"showSkybox":false,"showFlares":true,"showImageEffects":true,"showParticleSystems":true},"in2DMode":false,"pivot":{"x":287.4100036621094,"y":-35.222381591796878,"z":512.1649169921875},"rotation":{"x":-0.09469868987798691,"y":-0.15407194197177888,"z":0.01483607292175293,"w":-0.98340904712677},"size":726.9810791015625,"orthographic":false}