{"cameraMode":{"drawMode":0,"name":"Shaded","section":"Shading Mode"},"sceneLighting":true,"audioPlay":false,"sceneViewState":{"showFog":true,"showMaterialUpdate":false,"showSkybox":true,"showFlares":true,"showImageEffects":true,"showParticleSystems":false},"in2DMode":false,"pivot":{"x":0.5320258140563965,"y":-9.7656888961792,"z":244.33738708496095},"rotation":{"x":0.007704287301748991,"y":-0.9867286682128906,"z":0.15458202362060548,"w":0.049175944179296496},"size":84.21330261230469,"orthographic":true}