{"cameraMode":{"drawMode":0,"name":"Shaded","section":"Shading Mode"},"sceneLighting":false,"audioPlay":false,"sceneViewState":{"showFog":true,"showMaterialUpdate":false,"showSkybox":false,"showFlares":true,"showImageEffects":true,"showParticleSystems":true},"in2DMode":false,"pivot":{"x":1.4693546295166016,"y":-1.168318271636963,"z":6.089566707611084},"rotation":{"x":0.13182024657726289,"y":0.343214750289917,"z":-0.04871666431427002,"w":0.9286900162696838},"size":2.8578836917877199,"orthographic":true}