{"cameraMode":{"drawMode":0,"name":"Shaded","section":"Shading Mode"},"sceneLighting":false,"audioPlay":false,"sceneViewState":{"showFog":true,"showMaterialUpdate":false,"showSkybox":false,"showFlares":true,"showImageEffects":true,"showParticleSystems":false},"in2DMode":false,"pivot":{"x":0.4343792200088501,"y":1.3241829872131348,"z":-1.2971627712249756},"rotation":{"x":0.0011442843824625016,"y":-0.9979878067970276,"z":0.018861940130591394,"w":0.060563985258340839},"size":4.54865026473999,"orthographic":false}