{"cameraMode":{"drawMode":0,"name":"Shaded","section":"Shading Mode"},"sceneLighting":true,"audioPlay":false,"sceneViewState":{"showFog":true,"showMaterialUpdate":false,"showSkybox":true,"showFlares":true,"showImageEffects":true,"showParticleSystems":true},"in2DMode":false,"pivot":{"x":63.996185302734378,"y":64.7206039428711,"z":50.051918029785159},"rotation":{"x":0.2619262933731079,"y":-0.2910236418247223,"z":0.08318070322275162,"w":0.9164005517959595},"size":82.92115783691406,"orthographic":true}