{"cameraMode":{"drawMode":0,"name":"Shaded","section":"Shading Mode"},"sceneLighting":true,"audioPlay":false,"sceneViewState":{"showFog":true,"showMaterialUpdate":false,"showSkybox":true,"showFlares":true,"showImageEffects":true,"showParticleSystems":true},"in2DMode":false,"pivot":{"x":0.6527581214904785,"y":-6.853565216064453,"z":342.6741943359375},"rotation":{"x":0.19374068081378938,"y":-0.016186675056815149,"z":0.0031970839481800796,"w":0.9809166193008423},"size":24.38724136352539,"orthographic":false}