{"cameraMode":{"drawMode":0,"name":"Shaded","section":"Shading Mode"},"sceneLighting":false,"audioPlay":false,"sceneViewState":{"showFog":true,"showMaterialUpdate":false,"showSkybox":false,"showFlares":true,"showImageEffects":true,"showParticleSystems":false},"in2DMode":false,"pivot":{"x":-0.531067967414856,"y":0.9536479115486145,"z":1.0698150396347047},"rotation":{"x":-0.16869713366031648,"y":-0.752993643283844,"z":0.21180345118045808,"w":-0.5997402667999268},"size":1.248650312423706,"orthographic":false}