{"cameraMode":{"drawMode":0,"name":"Shaded","section":"Shading Mode"},"sceneLighting":false,"audioPlay":false,"sceneViewState":{"showFog":true,"showMaterialUpdate":false,"showSkybox":false,"showFlares":true,"showImageEffects":true,"showParticleSystems":false},"in2DMode":false,"pivot":{"x":0.08145947754383087,"y":1.2457687854766846,"z":113.37191772460938},"rotation":{"x":-0.2984398603439331,"y":-0.4270925223827362,"z":0.15175007283687592,"w":-0.83994060754776},"size":22.0,"orthographic":false}