{"cameraMode":{"drawMode":0,"name":"Shaded","section":"Shading Mode"},"sceneLighting":true,"audioPlay":false,"sceneViewState":{"showFog":true,"showMaterialUpdate":false,"showSkybox":true,"showFlares":true,"showImageEffects":true,"showParticleSystems":true},"in2DMode":false,"pivot":{"x":20.75493621826172,"y":-14.581303596496582,"z":41.290016174316409},"rotation":{"x":0.29347148537635805,"y":0.5602030158042908,"z":-0.22148217260837556,"w":0.7422899007797241},"size":28.19045066833496,"orthographic":true}