{"cameraMode":{"drawMode":0,"name":"Shaded","section":"Shading Mode"},"sceneLighting":false,"audioPlay":false,"sceneViewState":{"showFog":true,"showMaterialUpdate":false,"showSkybox":false,"showFlares":true,"showImageEffects":true,"showParticleSystems":true},"in2DMode":false,"pivot":{"x":0.0,"y":5.015227317810059,"z":-4.470348358154297e-8},"rotation":{"x":-0.06202472746372223,"y":-0.034426890313625339,"z":-0.002141300356015563,"w":0.9974806904792786},"size":2.495809555053711,"orthographic":false}