{"cameraMode":{"drawMode":0,"name":"Shaded","section":"Shading Mode"},"sceneLighting":false,"audioPlay":false,"sceneViewState":{"showFog":true,"showMaterialUpdate":false,"showSkybox":false,"showFlares":true,"showImageEffects":true,"showParticleSystems":true},"in2DMode":false,"pivot":{"x":108.4007797241211,"y":57.50604248046875,"z":443.72320556640627},"rotation":{"x":-0.08136019855737686,"y":0.1583765149116516,"z":-0.013096282258629799,"w":-0.9839436411857605},"size":726.9810791015625,"orthographic":false}