{"cameraMode":{"drawMode":0,"name":"Shaded","section":"Shading Mode"},"sceneLighting":false,"audioPlay":false,"sceneViewState":{"showFog":true,"showMaterialUpdate":false,"showSkybox":false,"showFlares":true,"showImageEffects":true,"showParticleSystems":true},"in2DMode":false,"pivot":{"x":-15.653921127319336,"y":-10.921469688415528,"z":-7.36887264251709},"rotation":{"x":0.18112991750240327,"y":-0.5591028332710266,"z":0.12672655284404756,"w":0.7990992665290833},"size":100.33328247070313,"orthographic":false}