{"cameraMode":{"drawMode":0,"name":"Shaded","section":"Shading Mode"},"sceneLighting":true,"audioPlay":false,"sceneViewState":{"showFog":true,"showMaterialUpdate":false,"showSkybox":true,"showFlares":true,"showImageEffects":true,"showParticleSystems":false},"in2DMode":false,"pivot":{"x":-43.599327087402347,"y":21.354150772094728,"z":141.15692138671876},"rotation":{"x":-0.08838139474391937,"y":-0.010458935052156449,"z":-0.000919198791962117,"w":0.9960516691207886},"size":290.9774475097656,"orthographic":true}