{"cameraMode":{"drawMode":0,"name":"Shaded","section":"Shading Mode"},"sceneLighting":false,"audioPlay":false,"sceneViewState":{"showFog":true,"showMaterialUpdate":false,"showSkybox":false,"showFlares":true,"showImageEffects":true,"showParticleSystems":true},"in2DMode":false,"pivot":{"x":-88.44337463378906,"y":622.5560302734375,"z":286.28778076171877},"rotation":{"x":0.2782498896121979,"y":-0.12347520887851715,"z":0.03609449416399002,"w":0.9518595337867737},"size":342.78399658203127,"orthographic":true}