{"cameraMode":{"drawMode":0,"name":"Shaded","section":"Shading Mode"},"sceneLighting":false,"audioPlay":false,"sceneViewState":{"showFog":true,"showMaterialUpdate":false,"showSkybox":false,"showFlares":true,"showImageEffects":true,"showParticleSystems":true},"in2DMode":false,"pivot":{"x":-73.44994354248047,"y":30.701452255249025,"z":81.71067810058594},"rotation":{"x":0.14602288603782655,"y":0.3816838264465332,"z":-0.06120438873767853,"w":0.9106314182281494},"size":2.8578836917877199,"orthographic":true}