{"cameraMode":{"drawMode":0,"name":"Shaded","section":"Shading Mode"},"sceneLighting":false,"audioPlay":false,"sceneViewState":{"showFog":true,"showMaterialUpdate":false,"showSkybox":false,"showFlares":true,"showImageEffects":true,"showParticleSystems":false},"in2DMode":false,"pivot":{"x":-15.282194137573243,"y":-10.895557403564454,"z":78.9685287475586},"rotation":{"x":-0.11275702714920044,"y":0.8770828247070313,"z":-0.25125718116760256,"w":-0.39358171820640566},"size":20.064550399780275,"orthographic":false}