{"cameraMode":{"drawMode":0,"name":"Shaded","section":"Shading Mode"},"sceneLighting":false,"audioPlay":false,"sceneViewState":{"showFog":true,"showMaterialUpdate":false,"showSkybox":false,"showFlares":true,"showImageEffects":true,"showParticleSystems":false},"in2DMode":false,"pivot":{"x":0.24911171197891236,"y":0.7531415224075317,"z":-0.05928301811218262},"rotation":{"x":0.0021334856282919647,"y":-0.9966287612915039,"z":-0.027516204863786699,"w":-0.07728175818920136},"size":3.486307144165039,"orthographic":false}