{"cameraMode":{"drawMode":0,"name":"Shaded","section":"Shading Mode"},"sceneLighting":false,"audioPlay":false,"sceneViewState":{"showFog":true,"showMaterialUpdate":false,"showSkybox":false,"showFlares":true,"showImageEffects":true,"showParticleSystems":false},"in2DMode":false,"pivot":{"x":0.575711727142334,"y":0.7523832321166992,"z":0.27505752444267275},"rotation":{"x":0.19980400800704957,"y":0.7262539863586426,"z":-0.23640529811382295,"w":0.6138027906417847},"size":2.0521702766418459,"orthographic":false}