{"cameraMode":{"drawMode":0,"name":"Shaded","section":"Shading Mode"},"sceneLighting":false,"audioPlay":false,"sceneViewState":{"showFog":true,"showMaterialUpdate":false,"showSkybox":false,"showFlares":true,"showImageEffects":true,"showParticleSystems":true},"in2DMode":false,"pivot":{"x":-2.254088878631592,"y":0.9560698866844177,"z":-3.5004520416259767},"rotation":{"x":0.17840498685836793,"y":0.29034367203712466,"z":-0.055082108825445178,"w":0.9385791420936585},"size":9.353710174560547,"orthographic":false}