{"cameraMode":{"drawMode":0,"name":"Shaded","section":"Shading Mode"},"sceneLighting":false,"audioPlay":false,"sceneViewState":{"showFog":true,"showMaterialUpdate":false,"showSkybox":false,"showFlares":true,"showImageEffects":true,"showParticleSystems":true},"in2DMode":false,"pivot":{"x":0.800000011920929,"y":1.809999942779541,"z":14.520000457763672},"rotation":{"x":-0.161253422498703,"y":-0.42741549015045168,"z":0.07777683436870575,"w":-0.8861575126647949},"size":2.020829200744629,"orthographic":false}