{"cameraMode":{"drawMode":0,"name":"Shaded","section":"Shading Mode"},"sceneLighting":false,"audioPlay":false,"sceneViewState":{"showFog":true,"showMaterialUpdate":false,"showSkybox":false,"showFlares":true,"showImageEffects":true,"showParticleSystems":true},"in2DMode":false,"pivot":{"x":-0.6399999260902405,"y":3.5799999237060549,"z":31.760000228881837},"rotation":{"x":0.13480313122272492,"y":-0.03715038672089577,"z":0.005147388204932213,"w":0.9902089834213257},"size":2.0005271434783937,"orthographic":false}