{"cameraMode":{"drawMode":0,"name":"Shaded","section":"Shading Mode"},"sceneLighting":false,"audioPlay":false,"sceneViewState":{"showFog":true,"showMaterialUpdate":false,"showSkybox":false,"showFlares":true,"showImageEffects":true,"showParticleSystems":true},"in2DMode":false,"pivot":{"x":-4.360940933227539,"y":1.662370204925537,"z":0.5330535173416138},"rotation":{"x":0.14602288603782655,"y":0.3816838264465332,"z":-0.06120438873767853,"w":0.9106314182281494},"size":1.6442636251449586,"orthographic":true}