{"cameraMode":{"drawMode":0,"name":"Shaded","section":"Shading Mode"},"sceneLighting":false,"audioPlay":false,"sceneViewState":{"showFog":true,"showMaterialUpdate":false,"showSkybox":false,"showFlares":true,"showImageEffects":true,"showParticleSystems":true},"in2DMode":false,"pivot":{"x":-114.0093994140625,"y":50.97315979003906,"z":207.56678771972657},"rotation":{"x":0.026451071724295617,"y":0.9615035057067871,"z":-0.09987212717533112,"w":0.25464552640914919},"size":7.629573345184326,"orthographic":true}