{"cameraMode":{"drawMode":0,"name":"Shaded","section":"Shading Mode"},"sceneLighting":false,"audioPlay":false,"sceneViewState":{"showFog":true,"showMaterialUpdate":false,"showSkybox":false,"showFlares":true,"showImageEffects":true,"showParticleSystems":true},"in2DMode":false,"pivot":{"x":0.7267894744873047,"y":-0.26644134521484377,"z":0.17590302228927613},"rotation":{"x":-0.27780503034591677,"y":-0.6588361859321594,"z":0.28713661432266238,"w":-0.637435257434845},"size":10.301033973693848,"orthographic":false}