{"cameraMode":{"drawMode":0,"name":"Shaded","section":"Shading Mode"},"sceneLighting":false,"audioPlay":false,"sceneViewState":{"showFog":true,"showMaterialUpdate":false,"showSkybox":false,"showFlares":true,"showImageEffects":true,"showParticleSystems":true},"in2DMode":false,"pivot":{"x":-48.6143798828125,"y":171.489990234375,"z":77.5603256225586},"rotation":{"x":0.2392812818288803,"y":-0.2998458743095398,"z":0.07796936482191086,"w":0.920198380947113},"size":997.2420654296875,"orthographic":true}