{"cameraMode":{"drawMode":0,"name":"Shaded","section":"Shading Mode"},"sceneLighting":false,"audioPlay":false,"sceneViewState":{"showFog":true,"showMaterialUpdate":false,"showSkybox":false,"showFlares":true,"showImageEffects":true,"showParticleSystems":true},"in2DMode":false,"pivot":{"x":-2.248046875,"y":1.1930873394012452,"z":4.698390960693359},"rotation":{"x":0.4838598072528839,"y":-0.03489907085895538,"z":0.019315479323267938,"w":0.8742358684539795},"size":8.043822288513184,"orthographic":true}