{"cameraMode":{"drawMode":0,"name":"Shaded","section":"Shading Mode"},"sceneLighting":false,"audioPlay":false,"sceneViewState":{"showFog":true,"showMaterialUpdate":false,"showSkybox":false,"showFlares":true,"showImageEffects":true,"showParticleSystems":true},"in2DMode":false,"pivot":{"x":0.0,"y":0.40000003576278689,"z":2.9802322387695315e-8},"rotation":{"x":-0.0013877535238862038,"y":0.9728692770004273,"z":0.005837338510900736,"w":0.23128098249435426},"size":2.2863073348999025,"orthographic":false}